GVZCLS,OVXCLS,VXFXICLS,VXEEMCLS,VXSLVCLS,EVZCLS,VXXLECLS,VXGDXCLS,VXEWZCLS
21.47,36.52,30.19,30.09,44.47,13.19,27.53,33.51,31.27
21.51,35.44,28.89,29.49,42.93,12.61,26.64,33.02,30.12
22.34,35.52,29.06,29.82,43.51,13.12,27.65,33.76,30.18
21.6,36.59,28.46,30.01,42.83,12.77,27.64,33.5,30.75
21.2,35.62,29.54,31.13,43.48,13.31,27.8,32.81,32.7
21.4,34.795,29.105,30.66,43.989999999999995,13.23,27.455,33.955,32.155
21.6,33.97,28.67,30.19,44.5,13.15,27.11,35.1,31.61
21.14,32.59,27.96,27.98,42.64,12.79,26.85,33.8,30.47
20.34,33.51,28.88,27.79,41.04,12.66,25.3,33.04,30.79
19.58,33.35,27.95,26.07,40.53,12.41,23.94,30.98,29.31
20.18,33.16,27.68,26.95,41.57,12.57,22.6,30.93,29.69
20.08,33.23,27.67,26.92,40.74,12.81,22.77,30.61,29.36
22.24,31.93,27.35,26.91,42.97,13.12,22.95,32.84,28.65
21.71,31.97,27.91,27.66,43.17,12.72,24.29,32.94,30.52
20.82,31.57,27.39,27.47,42.06,13.01,24.2,32.11,29.27
21.23,31.74,29.76,28.94,42.92,13.57,25.66,32.93,30.2
20.93,32.31,28.8,27.97,42.47,13.48,26.34,33.11,29.63
21.54,32.18,27.95,26.22,41.75,12.87,25.3,31.18,28.11
21.93,31.81,27.86,26.24,42.98,12.68,24.85,30.47,28.77
21.05,30.71,27.58,26.29,40.28,12.55,22.9,32.27,28.4
21.2,31.2,29.38,27.58,41.22,13.1,23.99,31.57,30.28
20.45,32.41,29.89,28.19,41.15,12.93,24.02,31.59,29.38
20.69,32.32,29.46,28.33,39.77,12.45,24.19,31.24,29.86
20.03,32.43,28.67,27.94,38,11.96,24.55,30.78,29.11
19.73,32.83,31.73,30.05,37.79,12.54,27.56,32.67,31.6
19.07,33.3,30.47,28.9,36.12,12.14,25.88,31.9,30.72
19.24,33.64,30.19,29.69,37.12,12.57,25.82,32.82,32.11
19.28,34.85,30.51,31.01,36.48,13.25,26.56,33.85,33.42
19.21,33.99,29.41,28.81,36.39,13.07,24.98,33.58,32.02
18.61,33.05,28.59,29.41,34.8,12.67,23.05,31.11,30.66
19.275,33.864999999999995,28.82,28.89,35.489999999999995,12.245000000000001,23.045,30.13,29.65
19.94,34.68,29.05,28.37,36.18,11.82,23.04,29.15,28.64
19.84,33.67,27.23,26.86,36.28,11.73,22.92,29.33,27.79
19.76,33.21,26.65,25.73,35.95,11.25,21.83,28.74,26.89
19.01,33.8,25.63,25.14,35.11,11.27,22.21,28.81,26.02
19.1,34.12,27.25,27.21,36.73,11.71,23.3,29.79,27.86
20.12,33.52,26.59,26.48,37.79,11.52,23.11,30.74,27.28
22.9,32.52,26.64,27.1,41.4,11.85,23.49,31.98,28.28
19.53,33.2,26.41,25.79,39.73,11.6,22.19,29.61,26.97
18.96,32.91,26.19,25.73,38.95,11.55,22.84,29.48,26.67
19.4,33.34,27.98,26.38,40.16,11.63,23.09,30.58,28.03
20.23,34.34,30.76,29.09,41.43,11.93,25.28,33.55,31.35
19.18,32.93,29.74,28.29,39.79,11.59,24.11,31.68,30.22
19.26,32.12,28.38,26.7,39.19,11.23,23,30.93,28.29
19.41,31.42,28.42,27.05,37.41,10.94,21.83,29.53,29.12
19.21,30,27.12,26.01,37.52,10.34,19.84,29.07,28.55
20.47,29.45,26.16,24.71,35.76,10.2,17.67,28.67,27.31
20.6,29.31,28.6,26.93,38.64,10.59,19.22,31.01,29.09
18.24,29.44,26.5,24.84,34.62,10.19,19.63,29.07,26.86
18.99,28.68,25.15,23.98,34.62,9.52,17.79,27.47,25.98
17.83,26.85,26.18,23.92,32.52,9.95,17.43,26.7,26.05
18.42,27.87,27.29,25.14,35.6,9.97,19.36,28.15,27.1
18.04,26.93,26.53,24.5,35.28,9.92,19.24,28.07,25.45
18.51,27.51,28.52,25.96,36.53,10.14,20.96,30.27,26.69
18.3,28.17,27.42,25.1,34.17,9.84,20.66,29.49,26.35
19.22,27.89,27.75,24.85,34.01,9.89,20.37,29.26,25.73
18.62,27.53,27.46,25.63,33.4,9.77,21.12,29.35,26.29
18.18,28.03,27.19,26.91,33.2,9.81,21.28,30.49,26.98
17.43,28.94,27.91,26.57,33.58,9.96,21.89,30.58,26.52
17.01,29,25.9,26.09,32.26,9.69,21.12,29.18,26.5
17.1,28.46,25.42,25.24,33.01,9.82,20.92,28.87,25.44
18.05,27.95,25.13,25.51,32.48,9.9,21.16,30.72,25.82
18.88,28.73,26.25,26.59,35.61,10.6,22.22,33.4,26.85
18.02,28.03,25.68,26.33,34.09,10.85,22.47,32.18,26.62
18.615000000000002,28.935000000000002,26.905,27.145,35.14,10.84,23.485,34.18,27.515
19.21,29.84,28.13,27.96,36.19,10.83,24.5,36.18,28.41
19.94,31.62,29.7,30.31,36.19,11.11,26.65,37.07,30.25
20.02,30.69,28.85,29.28,35.4,10.88,26.37,35.25,29.94
18.64,29.41,28.2,27.23,33.63,10.16,24.52,32.91,28.14
18.44,29.61,29.07,28.69,35.93,10.39,26.52,33.1,29.55
18.8,29.78,29.01,28.67,36.8,10.84,26.52,34.97,29.84
18.03,28.74,27.38,27.24,34.33,10.42,24.41,33.93,28.89
17.54,28.36,27.11,27.39,32.71,10.25,24.82,35.01,28.15
17.33,28.31,26.69,27.35,32.45,10.2,24.51,34.8,27.83
16.72,27.1,25.64,25.31,31.29,9.88,23.73,33.67,26.66
17.11,26.91,27.55,27.19,33.73,10.25,24.73,36.06,28.43
17.64,26.11,27.28,26.24,32.65,10.06,23.94,34.13,27.21
17.45,25.68,25.67,25.59,33.74,9.72,22.5,33.76,27.07
16.94,24.62,24.86,24.18,30.87,9.4,21.57,31.06,26.19
16.61,24.34,24.4,23.52,30.13,9.26,21.38,30.76,25.95
16.93,25.15,25.5,24.82,30.45,9.64,21.72,32.65,27.21
16.47,25.12,25.81,24.46,30.01,9.68,20.9,31.77,26.31
16.55,25.03,25.09,24.43,30.34,10.27,22.06,31.85,25.91
17.45,27.46,25.22,25.23,32.25,9.89,23.47,33.15,26.34
16.32,29.79,26.11,26.6,32.06,9.97,26.15,33.78,29.44
16.38,29.07,26.71,26.68,33.28,10.23,26.43,34.46,29.33
17.93,29.06,27.06,28.02,34.27,10.62,27.05,36.55,30.49
19.32,29.27,28.8,29.51,34.83,11.19,27.48,37.53,32.43
18.25,28.61,28.69,28.53,31.98,10.63,26.65,35.64,31.96
18.46,28.79,29.23,29.11,33.44,10.36,27.38,35.73,32.77
20.05,30.96,32.32,31.37,35.03,11.27,29.97,40.09,37.36
20.75,32.13,33.31,33.09,36.87,11.72,31.23,42.17,39.06
22.2,31.48,34.72,34.85,40.79,11.99,31.81,43.24,39.43
22.59,32.62,36.61,36.17,40.94,12.13,33.34,43.94,44.53
23.29,33.18,36.94,37.42,40.77,12.84,33.39,42.78,43.63
20.69,30.01,34.28,33.27,38.66,12.09,30.48,39.17,38.33
20.04,29.75,34.95,33.56,36.09,11.75,29.99,38.95,40.3
21.79,30.9,34.68,33.75,37.77,13.24,29.98,39.3,39.23
21.93,30.12,34.93,33.66,38.1,13.43,29.8,39.6,38.3
21.11,30.19,34.58,33.84,37.14,13.25,29.37,38.4,38.03
21.415,30.455,33.980000000000004,32.995000000000005,38.07,13.120000000000001,28.985,38.864999999999995,37.615
21.72,30.72,33.38,32.15,39,12.99,28.6,39.33,37.2
23.46,33.32,34.76,33.75,40.11,13.98,30.99,41.6,39.31
23.11,34.79,34.1,33.96,39.17,13.98,31.8,41.52,37.69
25.3,41.63,37.4,36.57,40.06,13.97,34.41,41.54,40.11
25.36,38.58,38.57,36.33,40.24,14.24,33.74,41.42,40.14
23.99,36.67,36.13,34.09,38.67,14.25,31.86,41.17,38.76
23.14,35.58,34.33,32.42,37.25,13.56,29.8,40.84,37.18
22.92,36.9,33.65,32.12,36.93,12.96,28.95,40.77,36.26
22.03,37.57,34.15,32.21,36.51,13.34,28.71,39.21,36.39
22.19,42.31,34.72,34.41,34.85,13.59,32.1,39.74,39.28
22.9,39.45,33.18,32.6,34.59,13.59,30.13,39.04,37.85
23.96,39.07,34.69,35.17,35.97,13.56,32.05,40.63,40.02
24.1,36.19,35.4,34.49,37.37,13.93,30.78,39.68,39.8
22.94,36.28,31.73,31.59,37.57,13.63,27.39,38.44,37.15
20.64,35.04,30.8,28.52,34.57,12.53,24.96,35.17,34.06
20.51,32.92,29.09,26.93,34.08,11.78,23.93,34.34,31.87
19.88,34.66,27.42,25.65,33.21,11.28,23.37,32.96,29.49
21.07,37.52,28.87,28.75,37.74,11.7,27.11,36.74,32.26
20.29,35.08,27.72,27.47,35.84,11.36,25.64,36.52,32.32
20.46,36.84,30.75,29.69,36.17,11.58,27.84,38.02,34.24
20.47,34.42,29.34,29.22,35.21,11.47,27.05,37,33.56
19.96,33.45,28.49,28.42,35.24,11.4,25.85,36.71,32.79
20.56,34.58,28.37,28.65,37.73,11.67,26.02,37.1,32.56
19.53,35,26.22,25.79,35.08,10.64,23.89,34.66,29.75
19.34,36.38,26.98,26.39,34,10.92,23.83,33.65,28.94
25.23,36.38,26.1,26.39,33.66,10.93,23.83,35.71,28.89
22.085,37.3,25.79,26.33,33.625,10.89,23.72,34.1,29.125
18.94,38.22,25.48,26.27,33.59,10.85,23.61,32.49,29.36
19.46,37.51,26.09,26.9,35.06,11.08,24.05,33.99,29.97
19.04,37.28,27.33,27.32,34.77,10.96,24.88,34.85,30.81
20.28,37.68,28.88,27.89,36.95,10.87,25.92,36.3,31.22
19.22,35.97,27.55,26.62,34.82,10.76,25.12,36.4,30.34
19.31,34.46,29.23,28.08,35.62,11.04,25.92,36.61,30.01
18.52,33.86,26.99,26.34,34.25,10.28,23.8,34.55,28.06
18.03,34.01,26.73,26.64,34.46,10.25,24.45,35.24,29.26
17.7,35.36,25.76,24.7,33.75,10.15,23.42,34.78,28
17.35,34.93,26.04,24.11,32.09,9.8,22.98,34.38,27.1
16.83,36.74,25.93,23.92,31.21,9.92,22.75,33.2,26.41
16.88,35.33,26.49,24.65,31.61,10.16,22.73,33.37,28.12
18.34,37.23,29.57,28.29,33.48,11.42,25.29,35.34,32.07
19.6,36.27,30.44,29.24,34.47,11.87,26.81,36.31,32.42
19.64,34.86,29.71,28.27,33.7,11.65,25.77,36.41,32.02
19.37,34.1,28.06,25.99,32.92,11.07,23.41,34.85,28.89
19.11,32.99,26.75,25.27,32.27,11.12,22.56,33.15,28.83
19.43,33.09,27.23,26.22,33.34,11.6,23.87,33.13,29.59
19.51,34.53,27.5,26.96,33.05,11.66,25.56,34.18,31.31
19.01,33.98,27.81,27.48,32.55,11.89,24.56,35.16,31.71
18.05,33.6,27.68,27.09,30.9,11.43,24.24,35.9,31.76
16.65,33.23,25.45,23.9,29.76,10.12,22.02,33.68,28.53
16.35,32.07,25.19,24.59,29.78,10.19,22.07,33.94,29.33
16.48,32.15,24.69,24.29,29.47,9.8,21.82,32.81,29.15
16.25,31.42,24.02,23.72,29.3,9.98,21.7,32.33,27.85
16.19,30.78,24.05,23.55,27.45,9.94,21.39,31.88,27.73
16.16,30.59,22.99,22.91,27.15,9.64,20.55,30.53,27
15.13,29.45,21.97,22.23,25.5,9.27,18.92,30.25,25.26
14.96,29.84,22.73,22.54,26.01,9.24,19.47,30.53,26.81
14.87,31.18,22.25,21.62,25.77,9.56,19.12,28.83,26.34
15.17,31.73,22.78,21.62,27.44,9.46,20.09,29.28,25.66
14.7,31.19,20.92,20.79,26.28,9.32,18.55,27.58,25.03
14.78,30.5,22.6,21.17,28.04,9.67,19.8,27.78,26.98
16.29,30.64,23.25,22.18,27.42,9.6,20.93,28.11,26.9
17.15,31.07,23.51,21.64,28.63,9.66,20.23,29.04,27.64
17.94,31.76,23.33,22.64,31.54,9.73,21.63,30.08,27.61
16.88,32.01,23.81,22.48,31.11,9.88,20.96,29.33,28
16.9,33.42,25.39,24.04,32.25,9.92,21.4,30.05,28.89
16.54,33.06,25.21,24.19,32.35,10.39,22.14,30.62,29.24
16.5,32.59,25.74,25,31.97,10.83,22.78,30.16,30.97
17.14,31.95,26.87,25.95,32.16,10.97,23.98,31.64,31.27
17.89,31.4,25.93,25.27,33.22,10.8,23.36,31.46,30.28
17.93,32.504999999999995,26.735,25.975,35.01,10.75,23.869999999999997,31.865000000000002,31.07
17.97,33.61,27.54,26.68,36.8,10.7,24.38,32.27,31.86
18.18,33.64,27.11,26.28,35.12,10.68,24.3,32.21,31.11
17.8,34.07,24.95,24.02,34.68,10,21.64,30.17,28.52
18.95,32.77,23.47,22.29,35.4,9.07,19.99,29.55,28.49
19.08,32.71,24.86,23.62,36.14,9.25,20.96,30.94,29.15
19.59,32.38,24.81,23.73,36.12,9.5,21.31,32,29.16
20.15,33.33,25.11,23.58,38.13,9.26,21.14,32.02,29.46
19.03,32.96,24.62,22.55,35.73,9.15,20.31,31.54,26.91
17.87,34.07,24.01,22.87,33.91,9.62,20.16,31.27,26.62
18.08,35.64,23.8,23.2,34.88,9.58,20.41,31.82,27.27
17.89,35.81,23.74,22.16,34.35,9.52,21.05,31.75,26.47
17.69,36.58,22.58,22.18,33.76,9.1,21,31.88,26.05
17.29,33.58,22.92,21.37,33.39,9.29,20.01,32,25.91
17.09,33.21,21.62,20.24,34.06,9.29,19.52,31.65,25.16
16.94,34.23,22.35,20.37,34.66,9.5,19.57,31.94,24.95
16.74,34.35,23.57,22.84,33.03,9.48,20.1,33.31,26.89
16.31,35.13,24.24,23.61,32.04,9.75,21.29,34.93,27.13
17.02,33.05,23.31,21.81,31.41,9.47,19.97,33.83,26.07
16.76,32.45,23.15,22.71,31.41,9.56,19.74,33.64,26.69
16.9,32.87,24.2,23.31,31.27,9.58,20.81,33.36,26.59
16.34,32.53,23.95,22.46,31.18,9.47,20.44,32.46,26.14
16.59,35.15,23.94,22.18,30.57,9.45,20.67,32.84,25.82
17.27,33.39,23.36,21.77,30.2,9.54,19.89,32.81,25.67
15.88,32.76,22.74,21.17,29.28,9.03,19.74,32.76,24.93
16.13,34.05,23.06,21.78,30.19,9.35,20.16,33.18,25.17
15.72,34.5,24.44,23.2,30.08,9.34,20.87,34.18,25.39
15.53,35.09,24.44,23.41,29.82,9.1,21.37,33.52,25.36
15.31,34.52,23.69,22.27,28.97,8.9,20.33,32.53,24.41
15.72,33.69,23.38,22.29,28.48,8.84,20.32,32.63,24.82
15.47,33.84,23.21,21.48,28.82,8.95,19.83,32.65,23.54
15.12,33.54,23.58,20.53,28.15,8.99,19.17,31.59,24.21
14.64,32.25,23.67,20.03,27.26,9.03,19.07,31.24,23.76
14.73,30.83,22.54,20.31,27.55,8.91,19.25,31.93,23.49
15.1,31.91,23.1,22.35,29.16,8.95,20.46,33.06,23.8
14.88,33.13,22.93,22.52,29.25,8.95,21.03,30.92,23.87
15.8,34.28,25,24.8,30.63,9.11,23.2,32.82,26.33
15.7,33.61,24.51,24.98,30.17,9.03,23.3,33.76,26.68
15.36,32.27,23.73,24.2,27.94,8.81,23,33.49,25.48
14.92,32.21,24.29,24.12,27.54,8.71,23,33.99,25.1
14.943333333333333,32.2,23.903333333333332,24.186666666666667,27.44333333333333,8.656666666666668,23.076666666666668,33.82333333333334,25.18
14.966666666666667,32.19,23.516666666666666,24.253333333333334,27.346666666666668,8.6033333333333335,23.153333333333332,33.656666666666666,25.26
14.99,32.18,23.13,24.32,27.25,8.55,23.23,33.49,25.34
14.49,31.29,22.99,22.8,26.91,8.5,21.77,32.94,23.88
16.2,32.42,23.66,22.61,29.69,8.45,22.57,34.22,24.65
17.48,32.1,24.53,23.28,30.14,8.71,23.76,35.95,25.2
18,32.02,23.65,22.84,30.55,8.64,23.01,35.32,24.67
16.69,33.98,24.32,23.57,27.94,8.67,24.16,34.94,24.53
17.02,33.51,25.61,24.95,28.69,8.45,24.8,34.06,25.81
16.07,31.54,25.21,24.56,27.91,8.35,24.3,33.48,26.28
15.66,30,24.26,23.37,27.62,8.35,21.95,32.32,24.55
14.54,31.27,24.3,23.43,27.11,8.13,22.31,32.28,26.19
14.94,31.5,24.7,23.8,26.58,7.59,23.09,37.33,26.65
14.26,30.54,24.97,24.31,25.72,7.45,23.4,35.5,26.81
13.28,31.1,24.28,23.63,25.43,7.42,21.89,34.79,25.03
13.61,30.97,22.5,20.84,23.87,7.41,19.82,33,23.42
13.52,29.83,22.57,21.31,22.76,7.19,19.71,30.8,23.1
13.22,29.49,22.32,20.88,23.33,7.22,19.54,30.13,22.67
14.350000000000001,29.49,22.32,20.564999999999998,23.33,7.22,19.54,30.13,22.090000000000003
15.48,29.49,22.32,20.25,23.33,7.22,19.54,30.13,21.51
13.18,29.38,22.94,21.44,24.68,7.66,20.21,30.95,22.24
13.68,28.65,23.22,21.74,24.9,7.78,20.66,31.45,23.02
13.7,28.69,23.65,22.16,25.04,7.77,20.25,31.13,23.46
12.67,28.28,22.81,21.83,25.13,7.77,19.92,30.59,22.82
13.24,27.62,22.46,22.49,25.94,7.85,20.11,31.32,23.29
13.4,28.39,23.4,22.76,26.64,7.91,21.25,32.62,24.15
13.95,28.84,23.53,22.8,26.35,8.02,22.05,32.12,24.12
14,29.13,24.31,22,25.92,7.84,21.22,32.6,23.75
14.07,29.89,23.27,21.8,25.51,7.83,20.71,32.3,22.95
13.87,29.65,22.36,21.06,24.53,7.84,20.31,31.93,21.83
14.2,30.32,23.95,21.43,25.71,7.68,20.25,32.82,22.04
14.16,29.94,23.04,21.12,26.14,7.58,20.29,31.83,21.83
13.34,29.13,23.04,21.14,24.72,7.49,20,31.65,22.36
13.01,29.63,23.45,21.22,26.54,7.42,20.36,32,22.93
12.6,29.32,23.81,21,25.72,7.19,20.52,31.74,22.94
11.97,28.95,23.21,20.67,24.53,7.01,20.21,31.27,22.98
13.69,28.56,22.9,20.04,25.43,6.99,19.41,31.98,22.09
13.73,27.64,23.52,20.28,25.75,7.43,20.99,31.65,22.56
14.53,27.61,23.04,20.03,27.28,7.74,20.36,32.37,22.48
13.82,28.88,24.19,20.53,27.32,8.22,21.78,29.76,22.59
13.21,28.88,24.19,20.53,21.25,8.22,21.78,29.76,22.59
13.385000000000002,28.805,24.085,21.12,24.5,8.445,21.97,30.54,22.615000000000002
13.56,28.73,23.98,21.71,27.75,8.67,22.16,31.32,22.64
14.83,28.08,23.66,21.26,27.99,8.74,22.82,31.28,22.98
15.3,28.88,25.42,23.04,27.65,8.78,24.63,31.35,24.74
14.38,28.45,24.53,21.7,28.08,8.97,22.49,39.12,23.67
13.905000000000001,28.125,23.315,20.72,27.185,8.545,20.33,33.705,21.815
13.43,27.8,22.1,19.74,26.29,8.12,18.17,28.29,19.96
13.72,26.83,21.52,18.78,26.53,8.09,17.91,28.75,19.92
13.78,26.03,20.41,17.82,26.61,7.76,17.18,27.65,19.38
14.51,25.04,20.87,18.53,27.17,7.68,17.61,28.87,19.73
14.08,24.3,21.06,18.23,26.59,7.51,17.36,27.91,19.64
14.16,24.6,20.4,17.82,25.84,7.73,17.39,27.47,19.11
13.27,24.59,20.29,17.45,25.78,7.64,16.96,27.29,19.02
13.79,24.57,20.26,18.16,25.64,8.06,16.55,26.48,19.32
13.78,25.72,19.39,16.54,26.59,8.19,16.43,26.21,18.66
13.76,25.7,19.88,17.25,26.69,8.62,16.09,25.63,18.43
14.49,24.39,20.66,17.24,27.24,8.56,16.23,26.24,18.96
14.9,23.99,20.74,17,27.08,9.19,16.42,27.09,18.62
13.8,21.98,19.16,15.85,25.38,9.19,15.01,25.76,17.48
13.255,21.825000000000003,19.275,16.044999999999998,24.72,8.879999999999999,15.39,25.3,17.605
12.71,21.67,19.39,16.24,24.06,8.57,15.77,24.84,17.73
12.46,22.75,18.56,15.69,23.13,8.41,15.7,25.8,17.72
13.03,22.48,18.87,16.21,22.72,8.59,15.96,27.38,18.39
14.08,22.52,18.93,16.46,24.01,8.28,16.21,27.99,18.36
14.39,22.98,19.63,18.19,25.17,8.23,17.31,28.78,19.62
13.59,22.97,19.72,18.05,23.57,8.17,17.02,27.12,19.5
13.21,22.88,19.76,18.68,24.28,8.39,17.87,28.16,20.1
13.76,22.54,20.19,19.24,24.83,8.2,18.52,28,19.71
13.32,22.4,19.38,18.14,23.36,8.51,17.4,27.99,18.86
13.78,23.96,20.69,19.95,24.4,9.28,19.21,28.01,20.39
13.03,23.06,20.13,18.4,24.41,9.33,18.36,26.24,19.65
13.57,23.39,19.74,18.75,24.17,9.69,18.25,25.93,19.52
13.59,23.3,20.34,18.72,24.74,9.11,18.71,26.23,19.67
13.14,23.08,19.41,17.85,23.61,8.67,18.11,25.68,19.01
14.38,21.68,19.76,17.7,25.28,8.67,17.72,25.66,18.3
14.06,20.7,18.81,16.62,25.1,8.74,17.42,25.83,17.71
14.7,21,18.66,15.84,24.79,8.59,17.29,25.59,17.46
14.72,20.21,18.78,15.84,25.32,8.87,17.67,25.84,17.46
15.9,22.59,18.49,15.33,25.33,8.83,17.6,26.72,16.91
15.825,22.515,19.025,15.165,26,8.905000000000001,17.15,27.395,16.79
15.75,22.44,19.56,15,26.67,8.98,16.7,28.07,16.67
18.59,24.97,20.44,16.47,29.22,9.09,18.66,31.72,18.14
16.9,27.13,21.23,18.2,28.41,9.56,19.74,31.72,19.39
16.26,24.58,21.04,17.67,28.95,9.6,18.64,31.67,19.31
17.48,26.22,23.8,21.86,29.72,11.1,22.87,33.68,21.13
15.61,25.9,23.4,20.25,26.4,10.43,21.33,32.01,20.36
15.57,24.33,21.82,18.79,26.73,9.84,19.48,30.79,18.87
15.79,23.61,21.21,18.42,26.51,9.72,19.5,30.76,18.71
15.75,23.68,21.68,18.72,26.7,9.71,19.54,30.55,19.04
16.03,24.28,22.77,18.91,27.2,9.53,19.48,32.05,19.27
15.47,22.41,22.3,17.63,26.41,9.08,18.32,30.39,18.72
15.05,22.52,21.59,17.37,25.12,8.9,17.86,30.08,18.29
14.84,21.29,20.8,16.52,24.76,8.56,17.14,29.79,18
13.54,20.8,20.53,15.26,23.22,8.5,16.46,29.6,17.45
12.96,19.42,21.62,15.4,22.57,8.46,14.88,28.15,17.35
12.07,18.77,21.02,15.77,21.64,8.33,15.09,28.33,17.31
12.24,19.09,21.82,16.6,21.93,8.64,15.06,29.14,18.36
12.59,18.36,21.08,16.11,22.22,8.52,14.61,27.94,18.37
12.43,18.76,21.02,15.97,21.68,8.39,15.47,27.18,17.74
13.3,19.45,22.39,18.53,22.51,9.4,17.81,27.97,19.29
14.52,21.14,23.3,19.1,24.35,10.16,18.62,29.34,20.35
13.33,19.58,22.95,18.09,22.68,9.5,17.3,28.93,20.14
13.37,19.74,23.89,20.15,22.95,9.97,18.38,28.7,21.65
12.89,19.11,23.22,19.08,22.93,10.43,17.84,28.16,21.76
12.99,19.08,22.81,18.69,22.25,9.99,17.64,28.84,20.51
12.48,17.81,21.8,16.86,21.38,9.82,16.52,27.19,19.28
12.33,17.95,21.3,16.63,20.9,9.92,16.7,27.24,18.5
12.41,18.19,21.49,16.72,20.86,9.36,16.78,26.7,18.01
12.77,18.695,21.95,17.45,22.005,9.515,17.03,27.465,18.590000000000003
13.13,19.2,22.41,18.18,23.15,9.67,17.28,28.23,19.17
13.73,19.33,22.03,17.77,24.16,9.45,17.41,29.26,19.07
15.21,21.74,23.05,18.36,25.62,9.24,18.84,32.33,19.14
16.03,21.84,22.84,19.2,26.01,8.88,19.22,31.9,19.51
14.46,21.39,23.39,19.15,24.43,8.43,19.36,34.8,19.65
14.22,21.01,23.74,18.75,23.59,8.54,18.79,31.86,19.6
13.54,20.64,23.23,18.02,23.25,8.52,18.32,30.85,19.1
15.15,20.55,22.84,17.67,24.67,8.62,17.99,32.05,19.42
15.29,21.2,22.65,17.23,23.99,8.46,17.71,32.62,19.5
21.32,22.59,22.79,17.92,31.18,8.52,18.09,35.93,19.73
34.48,29.84,25.85,22,54.92,9.01,23.66,45.41,23.61
30.02,27.32,24.44,20.09,43.77,8.69,20.81,42.14,21.54
26.93,31.14,27.18,22.46,39.35,9.2,23.18,51.29,24.04
24.57,28.53,26.29,23.2,38.38,9.13,23.86,50.02,24.16
24.37,27.57,24.43,20.71,37.35,8.96,22.5,46.17,22.28
23.28,25.07,24.39,19.68,36.04,9.19,20.88,43.66,22.18
23.68,24.43,23.83,18.82,38.1,9.05,19.96,42.56,21.35
21.49,23.26,23.24,18.79,34.67,8.79,19.65,40.34,20.77
22.35,22.68,23.48,18.61,33.64,8.79,19.75,40.4,20.37
24.21,22.51,23.24,18.88,36.4,8.84,19.73,41.62,21.24
23.16,23.44,22.7,18.93,35.48,8.67,19.37,41.16,20.41
22.09,24.57,21.93,18.53,34.29,8.68,19.31,39.9,20.02
22.93,26.68,23.28,20.27,36.62,8.73,20.67,40.27,20.98
22.06,24.49,22.66,19.29,33.73,8.75,19.91,51.46,20.74
20.37,24.01,21.61,18.19,32.09,7.99,18.87,38.62,20.22
20.37,25.16,21.95,18,31.35,8.29,18.94,38.73,20.09
22.07,24.38,20.88,17.77,32.67,8.21,18.9,40.97,19.53
20.64,22.64,21.2,18.08,32.05,8.12,18.87,37.6,19.6
21.62,23.24,21.62,18.54,32.18,8.48,19.07,39.24,20.06
23.95,22.83,21.39,19.59,32.48,8.74,19.03,41.2,20.59
25.04,23.66,21.35,19.36,33.59,8.58,18.52,43.07,20.41
25.06,24.12,21.43,19.31,34.91,8.65,18.31,43.03,20.21
28.01,24.48,20.77,19.41,41.88,9.13,18.77,45.58,19.84
27.18,24.39,20.17,18.87,38.33,8.87,18.76,43.94,19.29
28.34,22.82,19.66,18.32,38.88,9,18.28,43.55,18.06
26.66,23.44,21.27,18,40.69,8.97,18.09,42.55,18.42
27.18,23.11,20.98,17.49,42.21,9.06,18.62,42.39,18.25
27.61,24.45,22.98,18.92,44.04,9.18,19,42.78,19.85
26.08,23.3,23.3,20.41,41.11,9.17,19.84,42.21,20.48
24.9,22.57,24.47,21.47,39.23,9.03,19.55,45.87,20.66
24.88,22.759999999999998,24.08,20.814999999999998,38.91,9.149999999999999,19.5,44.114999999999995,20.95
24.86,22.95,23.69,20.16,38.59,9.27,19.45,42.36,21.24
22.76,24.04,24.65,21.78,36.27,9.4,19.92,42,23.77
21.43,24.21,24.2,21.47,35.02,9.34,20.1,42.66,23.67
22.63,24.41,25.22,23.68,36.02,9.45,21.23,42.58,26.78
21.68,24.79,24.69,22.79,35.59,9.67,21.32,43.45,26.03
22.32,24.64,24.83,23.34,35.17,9.37,21.64,42.77,26.59
22.65,24.49,25.45,24.99,35.34,9.09,22.66,43.9,27.95
22.33,23.89,26.04,24.83,35.19,9.06,22.52,42.69,27.92
23.58,22.41,25.74,24.32,41.16,8.54,20.7,43.42,28.48
22.68,21.74,25.48,23.76,36.49,8.82,20.72,41.73,28.04
23.27,21.81,26.89,26.28,38.29,8.87,22.31,49.07,30.75
22.04,22.72,27.97,27.98,36.82,8.99,23.43,43.42,32.59
22.69,21.47,27.23,26.05,36.8,9.16,21.46,42.56,30.87
20.91,21.22,28.48,26.97,34.85,8.77,21.97,41.92,31.35
21.27,21.04,28.35,27.29,35.57,8.72,21.35,41.1,33.34
22.7,20.64,28.24,26.19,36.8,8.89,20.73,43.75,32.67
22.53,19.98,27.63,26.5,36.27,8.86,19.99,37.87,33.85
29.94,25.9,35.18,35.48,47.77,9.61,24.93,44.43,40.35
27.19,23.68,31.58,33.61,43.04,9.52,23.3,45.79,38.47
27.69,24.32,35.21,38,43.05,10.03,23.89,50.24,40.02
25.86,23.63,34.31,32.35,40.29,9.64,22.68,48.01,37.43
31.43,22.82,31.69,28.52,45.7,9.94,20.98,50.26,35.14
33.51,23.17,30.61,28.29,47.87,9.49,20.63,53.08,32.9
31.84,22.37,29.62,27.61,46.26,9.41,20.61,53.26,32.25
28.84,22.18,28.63,25.64,42.75,9.33,20.29,49.18,31.52
28.19,22.63,30.64,30.18,40.82,9.6,20.13,50.21,35.04
27.25,25.7,31.93,30.77,40.71,9.67,20.08,48.83,35.36
27.2,26.22,31.369999999999997,30.165,41.955,9.375,19.67,49.925,35.33
27.15,26.74,30.81,29.56,43.2,9.08,19.26,51.02,35.3
26.79,25.37,30.41,28.79,41.69,8.88,18.79,53.11,34.69
25.68,25.22,28.83,25.69,39.59,9.15,18.07,50.21,32.11
26.24,26.22,28.29,27,38.69,9.15,18.09,49.99,32.06
23.85,24.58,27.43,25.6,35.89,9.71,17.31,46.15,30.6
24.07,24.51,28.6,27.29,34.79,9.38,16.84,47.42,31.43
23.53,23.72,27.75,26.21,34.85,9.69,16.69,49.15,28.89
23.2,24.5,28.35,26.98,34.27,9.38,17.32,47.68,30.16
23.61,23.3,28.3,25.98,36.22,8.76,16.87,47.16,29.79
22.52,23.05,27.22,26.33,34.74,8.62,16.92,46.07,29.23
21.19,24.08,26.3,24.7,33.94,8.45,16.29,44.34,28.91
21.76,24.23,25.35,23.19,34.78,8.08,16.72,46.13,25.88
21.66,23.63,24.05,22.09,33.92,8.14,16.85,45.55,25.42
22.61,23.77,24.48,22.43,34.16,8.55,17.42,47.41,27.42
21.77,23.37,23.71,21.51,33.57,8.51,17,46.74,25.77
22.22,22.98,23.24,21.3,33.69,8.29,16.8,46.51,26.12
22.77,22.79,24.76,23.08,34.55,8.77,17.89,47.65,27.29
23.72,23.48,24.8,23.21,34.98,9.12,17.92,47.85,27.58
24.99,22.95,24.59,23.26,36.13,8.92,18.05,47.92,27.57
24.61,22.28,23.96,22.04,35.63,8.74,17.27,47.08,26.54
24.24,22.26,23.53,20.84,33.45,8.13,16.57,46.36,25.71
23.49,22.87,22.91,20.45,32.83,8.18,16.52,45.56,26.53
23.82,22.64,23.25,22.12,33.49,8.05,17.1,48.18,26.77
23.49,22.56,24.56,23.35,32.9,8.03,17.25,49.17,26.95
21.71,22.25,24.91,23.06,32.17,7.74,16.53,47.96,26.95
21.5,22.64,24.04,22.81,33.29,7.59,16.88,46.06,26.27
21.58,22.68,22.92,21.74,34.19,7.56,15.82,47.24,27.84
21.37,22.63,23.68,21.43,33.55,7.84,15.67,46.16,27.6
21.21,23.15,23.57,21.92,33.82,7.67,16.4,47.46,28.25
22.45,24.15,24.21,23.1,39.62,7.87,17.81,49.52,28.74
22.97,23.99,24.61,23.62,38.95,7.69,17.38,48.7,30.04
24.25,23.48,24.93,24.57,38.14,7.94,18.65,48.79,31.76
23.82,24.18,25.37,24.45,37.99,8.13,18.2,47.55,31.35
23.28,24.33,26.38,26.02,37.91,8.33,18.77,47.83,31.64
22.69,23.26,25.31,24.62,36.58,8.22,18.12,47.28,30.56
22.63,22.7,24.77,23.24,38.77,8.14,17.18,46.59,29.01
23.67,23.43,25.29,25.25,40.06,8.38,18.7,47.57,31.57
23.9,27.19,27.21,28.55,40.93,8.53,19.91,49.56,32.72
25.89,29.79,27.93,28.21,41.16,8.63,19.36,49.59,32.41
24.36,27.41,28.13,28.01,40.32,8.9,20.57,48.22,32.61
24.44,28.1,27.47,28.14,40.87,8.92,21.19,47.42,32.18
24.82,28.755000000000003,27.835,28.25,41.55,8.96,21.05,47.495000000000005,32.075
25.2,29.41,28.2,28.36,42.23,9,20.91,47.57,31.97
24.61,28.73,27.44,26.68,41.95,8.63,19.88,45.02,30.67
25.64,27.44,26.55,25.89,41.81,8.67,19.31,46.95,29.26
23.59,28.1,26.38,26.22,39.78,8.07,19.48,45.11,29.49
22.04,27.93,26.69,26.29,38.24,8.06,19.19,45.58,29.53
22.58,27.12,25.69,25.89,38.77,7.82,18.76,45.94,29.65
22.63,24.32,25.09,25.05,37.11,7.78,17.16,44.88,28.42
25.09,23.57,24.98,25.16,40.73,7.73,17.64,46.89,27.96
24.88,23.18,25.07,24.29,40.78,7.8,17.25,45.53,27.57
25.12,23.03,25.55,24.35,40.78,7.85,17.71,46.25,28.56
25.35,23.17,26.01,24.26,40.97,7.83,17.43,47.17,29.47
23.2,22.81,25.03,22.87,41.13,7.17,17.12,46.95,26.96
21.75,21.51,23.71,21.81,37.57,7.48,16.41,48.02,26.33
22.27,21.38,24.8,23.55,38.14,7.72,16.46,50.33,27.55
22.7,22.27,24.38,23.09,38.95,7.62,17.03,49.28,26.27
22.84,22.5,24.21,22.36,37.96,7.6,16.92,48.75,25.37
21.97,22.32,23.67,22.49,37.09,7.53,16.83,47.22,25.39
21.79,21.77,22.9,22.42,36.21,7.39,16.82,46.3,25.17
22.57,21.84,23.07,23.44,36.39,7.51,17.7,45.94,26.05
23.72,22.98,25.51,25.73,38.03,7.95,19.55,46.6,27.66
25.48,22.57,25.38,24.44,38.96,8.09,18.96,47.88,26.81
24.04,21.52,24.87,24.71,37.64,7.88,18.92,48.01,26.46
24.54,21.62,25.24,25.41,37.73,7.89,19.85,47.94,27.37
24.77,21.49,24.83,24.41,36.98,7.83,19.28,46.77,26.92
24.81,22.01,26.73,27.11,38.29,8.04,21.52,46.81,28.55
25.44,21.95,27.59,28.75,38.1,8.05,23.26,48.25,29.25
25.81,23.24,27.03,28.08,38.47,8.08,23.02,48.38,28.85
25.36,21.39,25.38,24.97,37.52,7.53,19.94,46.25,27.1
25.83,21.55,24.63,23.73,37.97,7.32,18.85,45.76,25.45
26.45,22.52,24.88,24.2,38.31,7.42,19.14,45.53,25.69
26.07,23.52,26.31,25.61,38.09,7.41,20.44,45,26.38
24.72,21.73,24.46,23.25,36.62,7.62,17.53,42.98,24.92
22.31,21.22,22.69,21.75,35.71,7.43,16.45,42.7,22.97
21.43,20.12,21.46,19.98,34.96,7.41,16.16,42.27,22.09
21.52,20.91,20.95,18.86,35.01,7.44,16.64,40.19,21.78
20.75,21.62,21.65,19.26,34.59,7.39,17.09,41.6,21.45
20.52,23.28,23.52,21.58,33.66,7.41,18.11,42.11,23.25
20.67,21.88,24.4,21.5,33.19,7.4,17,43.91,23.98
19.9,20.28,23.98,21.01,32.66,7.47,16.21,42.91,23.82
20.32,20.57,23.86,20.86,32.71,7.59,16.71,43.53,24.03
20.65,20.64,22.94,20.82,32.07,7.74,16.39,42.2,23.59
20.81,20.95,23.15,21.59,31.32,7.67,16.98,41.31,23.65
20.57,20.59,22.38,21.83,31.93,8.12,16.92,42.12,24.44
20.68,21.29,23.15,21.67,31.22,8.36,17.21,42.82,25.42
20.3,21.74,22.62,21.91,30.94,8.33,16.67,42.26,25.72
20.19,22.18,24.27,23.83,30.43,8.61,16.93,42.01,27.59
19.43,20.98,23.94,23.46,30.23,8.59,16.79,40.91,27.59
20.01,20.79,24.63,24.79,30.44,8.24,18.29,41.88,28.85
19.37,19.7,23.96,23.83,30.23,7.82,17.07,40.3,28.59
19.15,19.69,23.84,23.48,30.47,7.81,16.51,42.09,28.51
21.2,20.32,23.08,23.45,33.46,7.84,17.36,41.64,28.65
20.46,19.63,24.04,23.05,33.74,7.65,16.53,41.13,27.75
19.44,19.92,23.35,21,32.92,7.47,16.38,40.1,26.79
18.03,19.39,24.93,21.74,30.02,7.2,16.1,38.98,26.78
19.52,19.71,28.17,23.74,31.42,7.11,16.81,39.1,27.42
19.45,19.83,27.11,23.34,31.02,7.25,16.92,38.33,28.01
23.04,19.87,26.72,24.12,34.17,7.66,16.75,41.6,28.94
21.3,18.69,26.43,24.16,32.25,7.52,16.21,41.02,29.05
20.33,18.1,25.6,23.36,30.27,7.45,15.34,39.99,28.63
20.02,19.23,25.46,24.38,30.04,7.76,16.24,41.63,29.09
19.68,18.64,25.22,23.67,29.48,7.64,16.22,42.19,28.87
19.75,19.62,25.51,23.17,30.26,7.89,16.61,41.03,28.97
19.54,19.810000000000002,25.020000000000003,22.96,30.200000000000003,7.855,16.68,41.215,28.384999999999998
19.33,20,24.53,22.75,30.14,7.82,16.75,41.4,27.8
21.43,20.28,25.37,24.8,34.88,8.08,17.33,45.5,28.91
21.09,19.49,26.08,26.11,34.34,8.13,17.9,47.04,29.16
20.82,19.06,26.18,26.02,33.31,8.13,18.13,46.89,28.82
21.78,18.59,26.04,26.49,34.25,7.84,18.77,47.15,29.18
20.5,17.95,25.4,25.02,32.31,7.33,17.59,45.61,27.55
20.65,18.1,25.97,24.87,31.91,7.43,17.19,42.99,27.02
19.63,17.95,24.58,24.44,32.43,7.42,17.29,42.74,26.56
20.02,17.98,25.37,26.01,31.91,7.47,18.47,43.34,27.9
22.24,18.19,25.4,25.6,33.5,7.72,18.25,44.34,27.9
21.87,18.42,24.31,25.33,33,7.7,18.63,43.45,27.46
21.91,17.49,24.43,25.38,35.41,7.67,18.17,43.81,27.24
21.79,17.7,24.59,24.94,34.61,7.6,18.31,43.41,27.81
21.39,17.26,22.56,21.16,32.54,7.35,15.83,42.33,26.06
22.07,16.7,23.54,20.97,33.51,7.09,15.48,40.25,24.88
21.01,15.86,22.31,21.53,32.88,7.29,15.04,38.8,24.59
20.76,15.42,21.62,20.44,31.5,7.37,14.44,39.67,23.74
20.08,15.26,21.62,19.95,30.89,7.34,14.48,37.53,23.13
19.96,15.23,21.735,20.345,30.759999999999998,7.475,14.695,37.565,23.14
19.84,15.2,21.85,20.74,30.63,7.61,14.91,37.6,23.15
19.1,15.74,21.67,20.5,30.39,8.05,14.74,37.45,22.67
20.75,16.53,21.25,21.22,31.94,8.21,15.61,38.12,23.44
21.65,17.76,21.65,21.72,33.87,8.17,16.02,40.02,23.39
21.035,19,23.07,23.134999999999998,32.875,8.305,16.515,40.32,24.79
20.42,20.24,24.49,24.55,31.88,8.44,17.01,40.62,26.19
19.19,20.6,24.78,24.21,31.07,8.05,16.45,38.91,25.2
19.5,20.7,24.3,24.24,31.28,7.45,16.09,37.93,25.9
19.12,19.67,23.46,23.01,31.48,7.27,15.39,37.08,24.48
19.43,20.17,23.51,23.6,31.73,7.37,15.66,36.55,24.61
18.46,19.51,24.47,23.45,30.51,7,15.71,36.14,25.67
17.27,19.47,23.32,22.1,29.09,6.6,15.48,35.1,24.64
16.67,19.75,23.44,22.3,29.6,6.3,15.51,35,24.3
16.5,19.81,21.94,22.25,29.05,6.29,14.57,35.13,24.14
16.43,18.7,22.33,20.79,28.88,6.47,14.57,34.81,23.78
15.39,17.91,22.67,21.93,28.93,6.53,14.09,33.44,23.94
14.34,17.12,22.22,20.25,27.87,6.78,14.15,33.92,23
15.155000000000001,17.69,22.5,20.705,28.53,6.895,14.21,34.144999999999996,23.905
15.97,18.26,22.78,21.16,29.19,7.01,14.27,34.37,24.81
15.62,18.17,21.74,20.4,28.96,6.84,13.53,33.2,23.86
16.01,18.79,25.12,23.31,30.13,6.91,15.04,34.94,25.57
17.54,19.46,27.31,28.26,31.79,7.07,16.93,36.98,28.28
18.38,20.89,28.59,29.43,31.98,7.2,18.11,37.48,29.68
18.71,20.83,29.46,29.51,31.37,7.19,17.9,37.1,29.43
17.45,20.81,28.03,30.92,30.72,7.25,18.48,37.89,30.1
17.97,19.76,28.51,28.38,31.02,7.65,18.21,37.32,29.28
18.62,20.35,29.42,28.9,31.26,7.9,20.07,36.87,30
19.15,21.65,31.44,31.16,31.27,8,21.52,38.36,31.95
18.51,21.47,30.61,29.13,29.7,7.92,20.52,37.24,31.29
18.52,20.65,31.94,29.23,30.21,7.78,21.28,37.31,31.13
17.93,19.65,30.09,27.26,30.28,7.35,19.28,37.06,30.49
16.59,19.03,28.8,26.47,26.86,6.93,17.8,36.98,28.78
17.08,19.18,29.19,26.5,28.25,6.98,17.97,39.19,29.76
16.81,19.05,28.17,25.13,29.13,7.07,16.8,37.43,28.5
16.23,19.23,28.14,25.54,28.49,7.12,16.79,36.79,29.8
16.13,19,26.73,24.6,29.29,6.98,16.85,36.52,29.1
16.26,17.95,25.98,23.97,31.07,6.77,15.97,36.67,29.53
16.270000000000003,18.189999999999998,26.215,24.63,31.314999999999998,6.8,16.185,37.355000000000004,30.78
16.28,18.43,26.45,25.29,31.56,6.83,16.4,38.04,32.03
16.48,18.35,26.68,25.22,31.57,6.8,16.6,38.01,31.66
16.07,17.59,26.81,24.25,31.08,6.86,16.39,37.58,31.16
15.73,17.9,26.73,23.45,32.03,6.69,16.55,37.06,30.29
15.94,18.16,27.02,23.24,30.72,6.84,16.26,36.74,30.41
15.86,18.47,26.97,23.8,29.76,7.01,16.55,36.3,30.79
16.46,18.48,26.57,23.9,30.83,7.11,16.8,36.08,30.56
15.75,18.81,26.3,23.44,28.84,7.3,16.7,35.7,29.37
16.07,18.71,26.63,25.04,27.91,7.05,16.93,35.37,30.25
17.05,20.9,27.95,27.98,29.54,7.54,18.3,36.79,33.39
16.75,19.88,26.69,24.81,28.18,7.42,17.24,35.73,32.1
16.58,20.29,27.3,24.25,28.19,7.34,17.5,34.94,29.89
16.31,19.96,25.99,24.42,28.65,6.95,16.99,35.59,30.05
15.82,20.01,25.65,25.65,27.94,6.69,16.68,35.59,31.94
15.83,20.33,27.41,26.02,28.16,6.67,17.02,35.51,33.66
16.14,20.67,27.88,26.11,28.79,6.44,17.68,35.45,33.42
16.67,20.9,28.01,25.45,29.59,6.45,17.56,35.59,31.9
17.3,20.83,29.4,27.29,29.62,7.02,18.6,36.43,32.69
18.32,21.7,29.1,28.06,30.98,7.09,19.43,36.06,33.63
17.87,20.34,27.54,26.5,30.84,6.89,17.89,35.06,31.65
17.37,20.25,25.43,24.37,31.33,6.77,16.53,35.15,29.67
17.59,19.88,25.97,25.03,29.73,6.78,16.66,34.99,29.54
16.91,19.69,25.64,23.53,28.63,6.96,16.53,34.86,28.79
16.43,19.46,26.25,24.51,28.19,6.61,15.92,35.67,29.49
17.53,19.52,26.74,24.5,29.06,6.81,16.4,37.08,30.1
17.16,19.19,26.43,23.07,28.6,6.95,15.62,36.31,29.03
17.32,19.17,26.23,23.58,28.73,6.95,15.77,36.29,28.58
17.6,19.28,26.36,23.45,28.67,7.45,16.48,36.64,28.46
17.48,19.15,26.16,23.38,27.23,7.09,15.64,35.15,28.16
17.37,19.26,24.71,22.56,27.09,7.11,15.73,36.35,28.05
16.65,19.61,23.92,21.09,25.65,6.83,14.85,35.67,26.77
16.19,19.79,23.25,20.63,25.31,6.92,14.81,35.72,26.24
16.01,18.45,22.74,19.89,24.74,6.63,15.42,35.15,27.09
15.81,18.28,23.31,21.29,25,6.24,16.17,35.18,27.82
15.95,18.64,23.67,21.71,25.31,6.19,17.49,36.06,28.94
15.99,18.89,23.03,21.94,25.41,6.11,17.19,36.17,29.26
14.83,18.55,22.62,21.31,24.91,5.87,16.36,36.15,29.4
15.06,18.72,23.9,22.93,25.52,5.76,17.3,36.09,30.38
15.19,18.39,24.11,23.02,25.83,5.89,18.15,35.7,30.35
15.34,18.71,23.25,22.61,26.08,6.29,17.41,35.31,30.78
16.1,18.71,23.94,24.01,27.43,6.3,17.03,35.12,32.19
15.44,18.9,22.49,22.62,26.28,6.05,16.42,34.83,30.27
15.96,18.93,21.74,21.92,25.34,5.98,15.59,33.34,30.43
16.09,18.605,22.125,21.995,25.619999999999997,6.18,15.959999999999999,33.2,30.310000000000002
16.22,18.28,22.51,22.07,25.9,6.38,16.33,33.06,30.19
16.19,18.81,22.05,21.39,26.73,6.16,16.48,32.82,30.1
15.61,18.46,22.07,21.3,25.04,6.04,16.24,31.64,28.92
15.86,18.36,21.34,20.73,24.99,5.81,16.58,32.34,27.67
16.07,18.88,21.81,21.6,24.27,5.8,17.14,31.77,28.86
15.56,19.14,22.76,21.91,24.6,6.19,16.88,32.33,29.25
15.31,19.19,22.17,20.66,24.24,6.25,16.77,31.87,28.04
15.52,19.37,21.02,19.74,26.16,5.9,16.82,32.25,27.17
15.15,18.44,21.33,19.35,26.78,5.8,16.46,31.44,26.66
14.85,17.8,20.61,18.51,26.43,5.79,15.94,30.94,25.51
15.51,18.55,21.15,19.48,26.3,5.84,16.08,31.18,26.44
15.02,17.96,21.21,19.64,25.52,5.88,15.96,30.99,26.04
15.4,17.71,21.19,19.22,26.23,6.11,15.9,30.89,25.71
14.87,17.49,21.07,18.49,25.54,6.02,17.11,30.43,25.35
14.76,17,20.08,18.6,25.75,6.17,16.8,29.25,24.95
14.04,16.65,18.64,16.75,25.57,5.86,15.82,28.26,23.15
13.61,16.86,18.62,15.74,23.8,6.29,15.21,26.8,22.58
13.76,16.72,19.14,16.65,25.15,6.15,15,26.73,22.73
14.57,15.94,19.64,17.34,24.37,6.6,15.98,26.51,23.24
14.04,15.42,19.73,16.93,23.7,6.27,15.72,25.71,22.82
14.23,15.9,19.85,16.31,23.74,6.24,15.21,24.35,22.99
14.07,16.2,19.84,17.74,23.02,6.29,15.22,24.64,24.64
14.36,16.38,19.81,17.22,23.47,6.59,14.31,24.42,24.24
13.98,16.05,19.25,16.07,23.25,6.63,14.54,23.8,23.47
14.52,15.89,18.9,15.58,22.74,6.72,14.31,23.25,23.35
15.365,15.995000000000001,19.03,16.225,23.475,6.775,14.34,24.595,24.165
16.21,16.1,19.16,16.87,24.21,6.83,14.37,25.94,24.98
15.8,16.02,19.42,17.07,23.37,6.85,14.17,27.76,23.68
15.01,15.55,19.4,16.71,22.82,6.86,13.85,28.07,23.65
15.34,15.61,19.7,17.6,23.69,6.64,14.29,28.06,24.75
15.55,15.52,20.52,18.01,23.19,6.87,14.56,27.49,25.81
15.05,15.53,20.99,18.27,22.61,6.92,14.76,25.57,25.38
14.79,15.41,20.57,18.26,21.86,7.45,14.77,26.03,25.41
14.15,15.14,20.37,17.94,21.86,6.25,14.33,26.3,24.94
13.22,14.5,19.55,16.33,20.23,5.41,13.91,26.65,24.26
12.77,14.67,19.16,16.83,19.32,5.65,14.28,26.66,24.19
12.37,14.74,18.81,16.51,18.33,5.81,14.21,26.75,24.48
12.36,14.67,19.05,16.83,18.47,5.82,14.03,25.95,24.5
12.91,19.17,19.59,17.33,19.08,5.68,15.3,26.79,24.9
12.52,19.47,19.42,16.81,19.18,5.56,15.62,25.62,24.49
12.41,19.52,19.8,17.76,19.6,5.61,16.2,25.98,24.83
12.53,17.4,19.28,17.66,19.65,5.6,15.86,26.57,24.67
12.11,17.28,18.41,16.52,19.85,5.33,14.95,26.38,24.87
14.48,18.05,18.35,15.95,24.64,5.09,13.98,27.84,25.13
12.79,18.84,17.59,15.08,22.23,5.27,13.73,27.25,25.04
12.93,18.05,18.29,15.69,21.9,5.23,14.29,27.66,25.35
12.96,17.93,17.76,15.76,22.27,5.17,15.67,27.74,24.35
12.92,17.7,17.78,15.06,22.39,5.08,15.53,27.86,24.79
12.76,16.97,17.3,15.18,22.1,5.17,15.58,27.09,24.81
12.64,16.44,17.02,14.91,21.78,5.03,15.38,26.56,24
14.01,16.52,16.97,15.11,23.33,5.03,15.62,27.52,24.92
13.74,16.24,16.93,14.23,22.48,4.95,14.92,26.85,24.45
13.89,15.87,17.55,14.21,22.49,4.92,14.7,26.36,24.69
12.99,15.59,17.28,13.71,21.75,4.69,14.28,25.85,23.97
12.99,15.975,17.605,13.815000000000001,21.740000000000002,4.79,14.745000000000001,26.475,24.244999999999997
12.99,16.36,17.93,13.92,21.73,4.89,15.21,27.1,24.52
12.83,16.31,17.93,15.05,21.99,4.93,15.5,27.57,24.6
13.05,16.36,18.01,14.62,22.06,4.94,14.94,27.86,24.77
12.91,16.46,17.93,15,21.95,5.04,15.8,27.65,24.62
13.27,17.26,17.98,14.37,21.6,4.94,16.06,28.08,23.85
14.23,18.1,18.07,13.74,22.54,4.73,15.26,28.88,23.92
14.73,17.96,17.75,14.8,22.17,4.84,15.11,28.64,23.86
14.67,16.88,17.94,14.17,22.2,5.22,14.42,28.65,23.92
15.52,17.87,18.7,17.33,23.58,5.13,16.53,28.81,25.57
14.35,17.39,18.04,15.7,21.67,5.04,15.63,28.39,24.97
14.69,16.97,18.49,16.01,21.84,5.08,15.44,28.14,25.86
14.62,17.1,18.45,15.42,21.56,5.46,15.25,27.34,25.86
14.07,16.73,18.71,15.6,21.11,5.24,15.1,28.19,25.15
14.33,15.95,19.88,15.94,22.45,5.18,14.95,27.91,24.55
14.68,16.67,19.68,16.57,22.55,5.04,15.38,28.72,24.62
14.55,16.37,20.92,16.75,22.44,5.18,16.12,28.85,25.41
15.05,16.79,21.3,17.38,22.85,5.32,16.06,28.68,25.88
14.85,17.11,21.25,17.96,22.43,5.5,16.53,28.85,26.23
15.46,18.78,21.43,20.56,21.85,5.44,19.24,29.51,28.17
14.37,19.39,21.55,20.76,20.64,4.94,19.83,28.91,28.34
14.17,18.92,21.49,19.63,20.37,4.89,18.58,29.42,28.42
14.76,19.1,22.15,21.03,21.41,5.09,20.51,30.2,29.34
14.51,18.81,22.1,21.7,21.19,5.18,20.4,29.72,29.1
14.82,18.85,22.86,22.37,20.77,5.27,20.36,29.88,29.14
14.85,18.88,22.72,20.47,20.74,5.35,19.8,29,27.51
14.49,17.54,22.7,19,20.67,4.88,19.22,28.67,24.09
14.35,17.55,22.04,18.89,20.43,4.86,19.13,28.21,25.09
13.53,17.19,21.08,17.94,20.17,5,17.71,26.74,26.15
12.55,17.86,20.12,17.15,18.64,4.97,16.44,25.32,26.31
13.33,18.59,19.42,17.5,19.82,5.19,16.71,25.95,26.85
13.46,19.52,19.41,15.86,19.61,5.11,15.82,24.87,24.25
13.43,19.38,19.18,15.19,19.43,5.42,14.43,23.61,23.41
13.51,17.96,19.15,15.33,19.34,5.46,14.38,23.55,23.5
13.84,17.25,19.2,15.28,19.66,5.54,14.13,24.47,24.29
13.46,16.51,18.66,14.84,19.68,5.31,14.39,23.78,24.4
13.55,16.92,18.51,14.51,20.36,6.05,13.98,24.37,25.51
13.24,16.68,18.18,14.5,19.83,6.2,13.79,24.16,25.44
12.72,16.47,18.03,14.42,19.33,6.28,13.99,24.22,25.05
12.9,16.52,17.96,15.37,20,6.32,14.21,24.46,26.35
12.85,16.68,17.33,15.4,19.59,6.07,13.89,24.07,26.68
13.45,17.509999999999998,17.36,15.745000000000001,19.975,6.415,14.575,24.715,27.435000000000002
14.05,18.34,17.39,16.09,20.36,6.76,15.26,25.36,28.19
13.44,18.49,18.9,16.49,19.62,6.59,14.9,25.17,28.39
14.01,18.95,18.98,16.74,20.12,7.03,15.96,26.78,28.23
13.27,18.52,19.27,16.05,19.14,6.75,15.51,26.17,28.15
14.47,20.43,19.34,16.89,20.29,7.09,16.39,27.97,30.11
15.36,19.68,19.76,18.44,19.79,7.85,16.74,28.33,32.18
15.89,20.49,20.09,18.64,20.8,8.07,17.17,28.24,32.47
16.42,20.63,20.29,19.23,22.56,7.82,17.16,28.6,33.2
17.86,19.53,20.77,20.04,22.89,7.77,17.81,28.82,34.76
16.5,20.17,21.74,20.9,21.98,8.02,18.12,29.34,36.33
16.58,18.93,22.64,20.44,21.02,7.85,17.39,29.13,36.15
17.14,19.18,21.72,18.82,20.93,7.22,17.03,28.37,36.41
15.5,18.98,21.31,18,20.68,7.25,17.24,27.83,36.74
16.9,18.56,20.72,17.4,26.64,7.19,16.95,29.28,37.23
16.44,19.98,22.12,19.13,27.91,6.89,18.45,31.53,39.24
16.65,20.73,21.22,19.34,27.58,6.9,18.99,30.6,42.5
17.21,19.8,21,18.6,29.38,7.14,18.91,31.04,40.27
17.99,20.07,21.96,20.26,33.37,7.59,19.92,32.62,41.15
17.84,19.42,21.41,20.29,31.39,7.73,19.11,32.97,39.71
17.17,19.86,23.76,22.52,30.41,7.43,20.27,33.97,45.6
18.83,21.52,23.99,21.95,36.99,7.56,21.34,33.81,44.24
18.73,22.38,25.08,23.66,35.34,7.72,22.45,33.31,43.73
18.2,23.36,25.87,22.9,34.42,7.16,22.45,33.44,43.49
19.13,24.22,24.89,21.13,31.21,7.61,22.23,33.61,43.93
17.6,24.62,24.97,20.67,29.5,7.76,21.99,33.79,51.03
17.56,25.09,24.78,22.1,29.84,8.06,22.72,35.28,54.73
17.5,25.28,24.4,21.28,29.61,7.43,22.94,36.88,57.61
17.86,27.72,24.92,23.08,30.94,7.56,26.05,39.88,56.24
18.11,30.03,26.05,24.64,30.79,7.79,29.32,41.3,54.42
17.69,31.32,26.83,26.37,31.49,7.32,35.72,44.88,66.7
17.98,37.23,27.99,25.71,29.36,7.49,37.32,44.14,66.56
20.04,36.36,29.13,31.9,32.79,8.43,37.56,45.28,66.82
19.68,34.09,30.5,29.64,32.14,8.82,38.24,45.82,68.51
18.08,31.16,26.91,27.34,31.07,8.5,33.62,43.6,70.03
17.27,29.36,25.76,25.49,29.02,8.13,30.46,40.65,72.83
17.01,27.14,24.44,23.18,26.19,8.27,25.77,38.08,67.66
16.58,30.68,23.82,22.83,27.6,8.13,26.92,38.26,61.17
16.91,31.78,23.46,22.12,27.29,7.98,25.27,39.04,53.6
16.24,31.27,23.39,21.09,27.2,7.86,26.2,38.51,58.16
16.49,32.44,22.68,20.05,27.7,7.75,28.65,38.79,31.3
16.3,30.11,22.84,20.31,28.47,7.25,25.78,39.09,31.18
16.75,28.93,22.99,20.38,29.13,7.42,25.04,38.74,33.2
18.08,30.45,22.44,19.93,33.96,7.64,25.44,42.29,33.87
21.54,30.52,22.72,18.87,38.4,8.21,24.4,47.19,34.22
21.1,31.84,23.39,20.48,37.27,8.85,25.47,47.88,34.82
20.1,33.13,23.12,20.37,36.28,8.95,27.76,48.53,35.33
23.38,31.39,23.35,20.52,41,9.37,26.45,49.31,35.72
23.18,30.34,23.28,20.87,39.23,9.35,25.82,51.71,36.72
21.38,29.47,22.94,18.75,35.91,8.32,23.72,49.47,35.76
22.23,30.72,23.61,18.48,33.55,8.28,24.46,51.23,35.07
21.43,30.79,23.81,18.58,35.05,8.39,23.87,49.08,32.83
21.29,30.71,24.16,19.11,34.67,8.64,24.2,48.82,32.95
20.98,33.12,25.1,19.21,32.02,8.44,25.58,48.03,32.65
23.36,32.99,25.78,18.55,36.32,8.67,25.22,50.8,33.88
23.37,34.39,24.44,19.6,37.14,8.86,25.61,49.44,34.74
23.97,33.17,23.87,19.25,36.09,8.65,25.84,47.48,34.41
24.26,33.14,22.68,18.95,37.84,8.3,25.87,52.82,35.39
21.5,33.64,21.43,19.2,33.86,8.55,25.07,51.63,35.81
21.23,34.92,23.25,17.52,32.41,9.24,24.14,49.8,35.61
20.64,36.28,23.29,18.42,31.33,9.25,23.99,49.53,36.47
20.67,37.49,22.41,17.23,30.86,9.16,25.34,47.76,35.32
21.24,36.02,24.24,17.88,31.2,9,26.51,46.49,35.11
23.205,36.230000000000004,24.055,18.59,34.805,9.01,27.19,48.480000000000004,34.695
25.17,36.44,23.87,19.3,38.41,9.02,27.87,50.47,34.28
22.33,37.49,24.43,20.49,40.68,9.24,30.03,51.06,36.11
21.29,38.57,25.84,20.2,36.82,9.86,28.26,50.64,35.01
20.62,36.16,26.08,19.84,35.15,10.06,26.73,50.02,32.45
20.29,35.39,28.88,19.68,34.93,8.87,27.73,49.28,32.43
20.02,34.2,29.28,18.21,33.34,8.72,27.5,48.64,31.66
19.62,39.68,28.47,19.68,33.65,8.74,31.64,50.63,33.26
20.04,37.56,28.64,21.38,32.69,9.04,31.48,49.22,33.7
19.27,42.21,27.67,22.93,33.57,9.16,36.31,51.86,34.01
19.11,44.95,27.3,23.65,33.35,9.35,36.21,52.38,34.78
19.66,49.77,26.73,24.24,33.92,9.2,39.43,54.11,35.38
20.95,57.55,26.32,25.68,35.87,8.99,40.1,57.12,39.94
22.08,55.77,26.65,26.63,39.84,9.24,40.42,56.85,41.27
20.9,56.75,28.15,25.63,39.3,9.2,39.58,55.37,39.46
19.28,57.45,26.12,22.5,34.88,9.85,35.51,51.7,37.34
18.68,54.84,25.84,20.61,33.61,9.19,30.43,51.25,34.79
20.26,54.82,26.03,20.23,34.74,9.63,30.46,52.2,33.9
19.76,53.97,25.06,19.59,33.28,9.71,27.31,51.44,33.25
19.37,54.88,25.18,19.47,32.98,9.49,27.51,51.56,32.7
19.145000000000003,54.78,26.14,19.134999999999998,32.575,9.575,27.18,51.120000000000005,32.815
18.92,54.68,27.1,18.8,32.17,9.66,26.85,50.68,32.93
20.15,53.63,26.68,20.49,35.23,9.99,27.52,51.48,34.27
19.48,51.17,25.92,20.86,32.43,9.74,28.39,50.65,32.96
20.08,50.24,26.01,22.26,36.65,9.72,29.18,50.07,34.21
20.155,52.245000000000005,26.235,21.955,35.92,9.775,29.494999999999997,50.03,34.39
20.23,54.25,26.46,21.65,35.19,9.83,29.81,49.99,34.57
21.26,57.67,26.97,24.23,35.12,10.01,32.37,51.13,37.12
20.78,56.45,27.24,24.74,33.95,10.02,33.31,50.34,36.45
20.35,53.25,27.11,23.51,32.9,10.44,32.05,49.78,35
19.2,50.96,25.57,22.28,32.13,10.24,30.66,48.78,34.32
18.44,50.07,25.39,21.14,30.76,9.92,30.15,47.8,33.85
17.65,53.13,25.69,22.34,30.36,10.29,31.86,48.39,34.84
17.63,53.78,24.82,21.74,31.72,10.36,34.75,47.15,33.99
18.52,53.17,25.49,23.96,33.45,10.59,35.29,48.33,35.81
21.83,57.77,26.1,24.07,35.71,14.14,35.09,51.43,35.1
22.66,56.44,26.17,21.37,38.07,14.55,33.12,49.47,34.16
23.045,57.215,27.015,21.48,37.905,13.965,33.06,49.685,34.55
23.43,57.99,27.86,21.59,37.74,13.38,33,49.9,34.94
22.34,55.09,26.72,20.54,37.14,13.64,30.2,49.24,33.42
21.25,56.4,26.66,19.36,34.45,11.62,28.04,47.82,32.04
20.62,57.62,25.83,18.13,33.8,11.62,27.61,46.26,32.67
20.04,56.65,25.6,18.3,33.58,13.61,27.13,46.22,33
20.16,54.23,25.16,19.04,33.72,13.5,27.43,44.7,32.91
19.31,55.18,25.04,21.36,32.91,13.04,31.86,44.34,34.68
20.25,54.69,25.26,21.75,36.28,12.57,31.73,45.78,34.71
19.65,58.62,25.52,24.34,34.86,12.68,32.16,40.91,37.75
20.33,57.84,25.98,24.33,34.69,12.62,30.95,44.6,37.71
20.3,59.68,25.94,22.18,33.89,12.2,29.65,43.61,35.74
20.36,62.73,27.32,22.42,33.24,12.48,30.83,43.84,36.3
20.06,63.14,26.06,21.83,33.71,12.55,29.72,43.26,35.61
20.59,60.83,24.87,21.69,34.34,12.42,29.24,44.34,36.96
20.3,56,24.98,22.72,33.89,13.51,29.87,45.99,38.05
19.71,59.29,23.99,21.88,33.74,13.19,29.67,45.71,39.1
20.07,60.23,23.03,22.16,33.58,13.07,29.89,46.46,40.44
19.31,58.69,22.51,19.78,32.33,12.46,27.2,44.58,38.43
18.49,55.53,21.59,18.82,31.81,11.61,25.8,44.32,36.97
19.049999999999997,55.93,21.29,19.55,33.82,11.78,26.59,44.89,37.205
19.61,56.33,20.99,20.28,35.83,11.95,27.38,45.46,37.44
19.54,55.97,20.91,20.14,35.23,11.6,27.31,44.8,37.78
18.62,55.75,20.78,19.46,33.72,11.93,26.39,42.52,36.02
19.26,54,20.61,17.41,35.04,11.6,25.94,41.99,34.56
19.4,58.67,21.35,17.9,34.22,11.15,25.57,41.21,34.54
18.77,56.27,21.35,17.1,33.38,10.2,24.4,38.13,33.52
17.4,54.93,21.1,17.19,31.82,8.97,23.23,37.54,33.69
16.65,56.46,21.03,17.42,31.26,10.19,24.51,34.71,33.61
15.91,55.85,20.93,16.54,30.52,10.25,23.77,34.24,32.7
16.38,54.92,20.66,16.63,31.55,10.38,24.14,34.79,34.32
16.76,53.05,20.68,17.16,31.35,10.29,23.5,34.99,34.15
16.66,48.92,20.92,18.13,30.6,11.01,23.67,36.94,35.42
16.9,47.09,20.85,18.24,30.67,10.77,23.26,36.15,35.04
18.43,48.96,20.81,19.15,31.14,10.95,24.71,39.11,36.19
17.58,48.99,21.34,19.87,31.53,10.96,24.44,40.53,38.13
18.97,50.92,21.89,21.44,31.11,12.46,25.43,41.25,39.09
20.01,49.17,21.95,20.57,33.07,14.09,24.99,41.88,38.28
19.07,49.59,22.44,19.92,32.52,13.53,24.12,40.3,37.59
18.9,54.56,23.07,21.14,31.72,14.23,24.71,41,40.17
19.14,56.93,23.67,20.99,31.63,13.9,24.15,41.56,40.3
20.83,59.85,23.38,20.84,32.18,13.99,23.71,41.42,39.41
18.65,53.65,23.33,18.63,31.56,12.95,23.09,39.71,38.89
17.25,53.82,22.27,19.9,28.16,13.54,23.38,38.77,38.84
17.21,50.84,21.22,17.58,29.27,13.32,22.01,36.79,37.08
17.26,49.32,21.2,17.57,29.64,14.05,21.25,37.07,37.1
16.84,47.94,20.15,17.06,29.41,13.08,21.2,36.05,37.23
16.38,47.03,20.14,18.89,28.3,12.41,22.16,36.1,38.51
16.02,49.58,20.17,19.95,28.75,13.19,22.91,36.76,38.52
15.83,52.84,20.56,19.16,28.76,13.33,23.49,37.5,36.93
16.64,51.98,23.93,18.48,29.02,14.07,22.22,38.16,36.16
16.34,53.72,22.42,19.07,28.69,13.78,22.43,37.93,35
16.04,50.9,23.12,19.26,28.62,13.29,22.29,37.76,35.92
16.01,49.84,22.87,18.53,27.97,13.58,21.87,46.17,35.79
15.875,49.085,23.625,18.770000000000003,27.91,12.95,21.69,41.45,36.06
15.74,48.33,24.38,19.01,27.85,12.32,21.51,36.73,36.33
15.2,46.25,24.35,18.49,27.19,12,21.16,36.65,35.59
14.79,48.1,29.65,19.94,27.78,11.57,21.36,36.74,34.37
15,46.65,34.08,20.49,28.9,12.25,20.51,37.08,34.58
14.23,43.04,33.85,18.76,28.12,12.14,19.63,36.54,34.45
14.79,44.2,38.09,19.44,27.68,12.68,19.79,37.45,34.85
15.18,44.65,34.53,18.63,27.25,12.28,19.52,37,34.52
14.6,46.14,32.44,18.16,26.48,12.47,19.68,36.86,33.85
14.54,43.48,31,17.47,26.83,13.09,19.17,36.54,33.57
14.47,42,32.67,19.38,26.75,12.92,19.9,36.32,34.02
15.39,42.06,32.39,19.44,27.73,13.23,19.45,35.74,34.16
15.04,41.04,30.95,19.3,27.36,13.19,19.97,35.53,33.8
15.79,39.01,31.45,18.76,27.66,13.03,19.66,35.8,32.8
15.87,37.98,31.84,18.89,27.97,13,19.1,35.62,31.76
16.39,36.61,33.03,18.62,29.09,12.93,19.77,35.65,31.42
16.42,37.46,33.89,19.23,28.2,13,20.04,35.52,32.17
16.19,37.31,32.58,18.73,27.41,12.15,19.78,35.48,32.09
15.95,36.68,32.31,19.14,27.45,12.44,19.67,35.33,32.63
16.76,36.28,30.82,19.98,27.39,13.52,20.61,35.9,32.87
17.29,35.62,30.1,18.3,27.77,13.89,19.89,34.84,32.24
17.62,36.2,29.31,18.07,28.19,14.03,20.78,35.45,32.72
17.15,36.24,30.73,19.74,28.66,13.57,21.17,35.13,32.53
17.53,36.88,31.51,20.98,28.33,13.76,21.74,36,32.73
17.91,38.13,31.01,20.87,28.76,13.59,22.54,36.38,32.67
15.84,35.09,30.68,18.21,26.7,11.77,20.5,33.96,30.49
15.94,34.86,29.07,17.63,26.1,12.4,21.88,33.14,30.61
15.63,33.74,29.11,19.29,26.61,12.31,20.68,31.91,30.76
15.93,34.33,27.45,18.32,25.94,11.84,20.26,32.21,29.63
16.21,32.63,27.09,17.41,26.52,12.39,19.43,30.68,29.5
15.48,29.95,27.21,15.99,25.99,12.11,18.23,30.31,28.84
15.81,30.63,27.7,17.51,26.47,12.36,18.85,29.71,29.41
15.88,34.82,28.94,17.52,27.7,13.48,20.03,31.1,29.76
15.25,33.7,28.68,16.79,26.82,13.26,19.48,30.59,29.37
14.62,31.61,28.08,16.63,26.07,12.79,18.7,30.8,29.08
14.19,31.29,29.71,15.87,25.35,13.29,18.64,30.1,28.99
14.705,32.974999999999994,30.495,17.5,26.17,13.62,19.415,30.96,30.275
15.22,34.66,31.28,19.13,26.99,13.95,20.19,31.82,31.56
14.08,35.29,30.76,18.47,26.31,13.35,20.18,31.79,31.56
14.51,34.2,31.78,18.97,26.41,13.32,19.9,31.33,31.94
13.99,33.74,30.58,18.71,24.7,12.88,19.17,30.85,32.07
14.88,35.3,31.18,19.48,27.25,13.71,19,31.84,32.52
14.86,35.74,30.57,18.82,26.3,13.56,18.73,31.71,31.66
15.15,37.4,29.87,18.62,26.63,13.42,19.37,31.7,31.32
16.01,38.42,31.37,20.2,27.92,13.98,20.22,32,31.56
15.12,33.54,31.48,19.73,26.98,14.22,17.86,31.54,31.62
15.14,34.04,32.29,20.56,27.67,14.57,18.69,32.41,31.65
14.83,33.01,32.37,20.21,26.53,14.44,18.28,31.15,31.34
14.37,31.79,30.42,18.08,26.62,14.84,17.02,30.21,30.29
14.3,31.76,29.59,17.88,26.15,14.3,16.62,30.09,30.63
13.99,31.51,30.1,18.68,25.92,14.84,16.98,30.16,31.28
14.34,32.55,31.12,20.11,26.48,15.05,17.6,31.35,32.01
14.36,32.39,31.99,20.31,26.14,14.39,17.11,32.05,31.32
13.58,32.83,31.13,18.9,25.1,12.93,17.09,30.61,30.33
13.53,31.59,30.24,18.21,24.76,12.78,16.62,30.02,30.01
13.26,30.4,29.73,17.52,24.99,13.72,15.96,29.76,29.77
13.85,30.06,29.12,17.05,24.33,12.81,15.11,30.03,29.17
13.89,29.69,28.13,16.21,24.8,12.85,14.67,29.54,28.15
13.83,29.6,27.8,17.9,24.91,12.32,15.19,29.29,27.63
13.12,29.26,27.58,18.1,23.49,12.39,16.46,28.86,29.14
13.22,29.01,29.36,18.94,22.87,13.05,16.99,29.01,29.22
